EquipmentState,"Breakdown voltage, kV","Moisture content, g/t","Acid number, mgKOH/g",Oil tangent at 90?,Concentration of  ionol additive,"Flash point in closed cup, ?",H2,CH4,C2H4,C2H6,C2H2,"??2, % vol.","??, % vol.","Noload losses, measured during commissioning tests with a shortcircuited phase ""a"", W","Noload losses, measured during commissioning tests with a shortcircuited phase ""b"", W","Noload losses, measured during commissioning tests with a shortcircuited phase ""c"", W"
1,736,180000,16100,170,15802,151,111136,200,3100,100,310000,200000,150000,313600000,321180000,318640000
1,648,198000,6300,300,15802,147,95256,1100,4300,3000,12900000,520000,37000,313600000,321180000,318640000
1,720,230000,400,75,15802,151,108720,100,400,0,0,90000,7000,313600000,321180000,318640000
0,412,136000,16835,200,15802,143,58916,100,1600,100,160000,160000,17000,313600000,321180000,318640000
1,460,136000,16835,280,15802,139,63940,700,2600,700,1820000,460000,27000,313600000,321180000,318640000
0,537,136000,16835,100,15802,148,79476,100,400,0,0,100000,8000,313600000,321180000,318640000
0,566,136000,16835,160,15802,139,78674,200,1800,100,180000,170000,15000,313600000,321180000,318640000
0,600,210000,10400,200,15802,139,83400,200,8900,100,890000,230000,34000,21800000,34300000,21000000
1,600,100000,4500,500,15802,145,87000,1000,3700,1600,5920000,610000,29000,240000000,351000000,254000000
0,600,170000,2500,200,15802,145,87000,200,500,200,100000,120000,8000,8600000,12600000,9000000
1,413,136000,22130,100,15802,152,62776,499,19,0,0,70360,2470,313600000,321180000,318640000
1,738,136000,10300,87,15802,141,104058,136,0,1740,0,42010,5200,313600000,321180000,318640000
1,688,136000,11200,410,15802,146,100448,973,416,105,43680,120670,3446,313600000,321180000,318640000
1,706,136000,13000,100,15802,147,103782,367,713,35,24955,99476,904,313600000,321180000,318640000
1,698,136000,41250,350,15802,144,100512,954,55,15,825,132550,14076,313600000,321180000,318640000
1,550,169000,4000,100,15802,140,77000,110,40,640,25600,80000,10000,313600000,321180000,318640000
1,500,81000,3000,600,15802,144,72000,270,250,60,15000,140000,10000,313600000,321180000,318640000
0,710,37000,1000,100,15802,144,102240,190,660,240,158400,180000,10000,313600000,321180000,318640000
1,540,162000,7100,500,15802,150,81000,150,570,20,11400,160000,20000,313600000,321180000,318640000
1,500,146000,11200,300,15802,148,74000,100,40,10,400,110000,10000,3550000,5400000,3650000
0,590,136000,16835,100,15802,144,84960,280,170,50,8500,120000,10000,8250000,12000000,8250000
1,674,94000,16835,100,15802,150,101100,150,110,30,3300,190000,20000,12000000,17000000,12000000
1,614,16500,16835,100,15802,145,89030,160,1090,40,43600,100000,10000,6000000,8000000,6000000
1,638,16600,16835,700,15802,158,100804,170,2460,50,123000,0,0,313600000,321180000,318640000
1,627,40000,16835,300,15802,148,92796,130,2160,30,64800,246000,372000,313600000,321180000,318640000
1,608,65100,16835,100,15802,149,90592,0,10,0,0,246000,372000,313600000,321180000,318640000
1,690,194000,7800,700,15802,143,98670,1151,5534,2753,15235102,120000,10000,11700000,17600000,12300000
1,763,192000,1400,100,15802,141,107583,1151,5534,2753,15235102,180000,20000,17000000,23000000,16000000
1,708,143000,5000,60,15802,142,100536,200,400,0,0,260000,20000,9000000,13000000,9000000
1,847,89000,16500,100,15802,143,121121,300,5000,100,500000,170000,20000,15000000,23000000,15000000
1,538,136000,3200,500,15802,141,75858,300,1900,300,570000,366000,19000,313600000,321180000,318640000
1,725,136000,2600,100,15802,153,110925,200,3100,100,310000,100000,4000,313600000,321180000,318640000
0,720,271000,5200,156,16000,142,102240,100,1400,0,0,138000,5000,313600000,321180000,318640000
0,780,70000,4800,200,22000,145,113100,100,600,100,60000,246000,372000,313600000,321180000,318640000
1,700,270000,12000,300,18000,142,99400,800,26100,4500,117450000,246000,372000,313600000,321180000,318640000
1,626,220000,7400,200,15802,149,93274,100,1800,0,0,246000,372000,313600000,321180000,318640000
1,568,95000,4500,100,15802,145,82360,100,700,0,0,246000,372000,313600000,321180000,318640000
1,510,250000,29700,600,15802,152,77520,0,8100,0,0,246000,372000,313600000,321180000,318640000
1,620,150000,1300,30,15802,149,92380,100,300,0,0,126000,6000,0,29700000,29730000
1,700,120000,18000,200,15802,146,102200,0,3900,0,0,143000,7000,0,29700000,29730000
1,573,120000,7000,180,18000,145,83085,100,300,0,0,155000,6000,0,29700000,29730000
1,668,160000,3000,76,10000,145,96860,100,1100,200,220000,270000,30000,31000000,42000000,31000000
1,620,143000,4000,57,10000,140,86800,100,500,100,50000,270000,20000,48300000,69800000,48300000
1,618,90000,4100,100,15802,146,90228,199,2156,17,36652,230000,10000,135000000,129000000,129000000
1,638,95000,6500,100,15802,143,91234,180,402,18,7236,210000,10000,126000000,128000000,180000000
1,645,120000,6900,500,15802,143,92235,55,823,0,0,230000,10000,330000000,460000000,310000000
1,622,67000,1400,100,15802,144,89568,147,1300,0,0,90000,10000,5400000,3500000,4000000
1,635,50000,7100,200,15802,143,90805,322,2049,0,0,130000,20000,14000000,9800000,9800000
1,784,136000,10100,100,15802,141,110544,9,587,31,18197,170000,30000,14200000,9600000,9600000
1,740,136000,11400,300,15802,141,104340,57,1057,88,93016,90000,20000,11800000,9300000,9200000
1,490,136000,40000,400,15802,143,70070,393,1729,180,311220,246000,372000,5000000,3800000,3800000
1,596,136000,96500,500,15802,141,84036,32,1991,12,23892,120000,20000,313600000,321180000,318640000
1,790,136000,75000,300,15802,139,109810,1151,5534,2753,15235102,180000,10000,313600000,321180000,318640000
1,680,120000,26000,200,15802,135,91800,29,30,29,870,130000,20000,313600000,321180000,318640000
1,700,92000,21000,200,15802,138,96600,16,20,27,540,180000,10000,313600000,321180000,318640000
1,660,110000,22000,300,15802,140,92400,51,2246,56,125776,130000,10000,313600000,321180000,318640000
1,700,96000,23000,200,15802,139,97300,141,423,215,90945,130000,10000,313600000,321180000,318640000
1,670,100000,22000,200,15802,140,93800,27,32,45,1440,210000,30000,313600000,321180000,318640000
1,700,90000,26000,200,15802,139,97300,63,2456,61,149816,160000,30000,313600000,321180000,318640000
1,610,120000,400,0,15802,142,86620,74,3794,67,254198,130000,10000,313600000,321180000,318640000
1,616,130000,16835,200,15802,147,90552,119,4218,75,316350,280000,60000,313600000,321180000,318640000
1,676,110000,16835,200,15802,143,96668,574,5900,638,3764200,100000,10000,313600000,321180000,318640000
1,664,127000,0,200,15802,144,95616,187,3667,66,242022,160000,20000,313600000,321180000,318640000
1,672,110000,100,200,15802,142,95424,41,268,18,4824,190000,20000,313600000,321180000,318640000
0,640,136000,7500,0,15802,143,91520,205,756,66,49896,100000,10000,313600000,321180000,318640000
0,648,136000,2400,600,15802,140,90720,510,1724,38,65512,80000,10000,313600000,321180000,318640000
0,687,136000,5300,0,15802,141,96867,41,134,44,5896,180000,30000,313600000,321180000,318640000
0,543,136000,7700,100,15802,145,78735,25,892,10,8920,120000,20000,313600000,321180000,318640000
0,688,136000,11000,700,15802,145,99760,152,3375,85,286875,120000,0,313600000,321180000,318640000
0,568,136000,10700,200,15802,147,83496,44,1225,32,39200,90000,0,313600000,321180000,318640000
1,590,0,19000,200,0,141,83190,160,580,0,0,140000,9900,6000000,8250000,5750000
1,586,0,21000,200,0,141,82626,130,220,0,0,200000,13000,7000000,9000000,7000000
2,720,240000,5600,10,15802,141,101520,220,1700,170,289000,50000,6000,6200000,8500000,6000000
2,700,270000,7200,200,15802,141,98700,120,1800,10,18000,47000,5000,5700000,8400000,5900000
0,710,210000,2300,230,15802,141,100110,150,440,10,4400,230000,7100,34200000,51600000,34800000
1,545,230000,5900,70,15802,141,76845,110,60,10,600,220000,14000,22000000,33800000,22500000
2,712,220000,53600,360,15802,141,100392,180,2900,130,377000,110000,7000,8000000,11600000,8000000
2,540,260000,77000,630,15802,141,76140,270,1600,250,400000,160000,6000,8000000,12000000,8000000
1,780,190000,13100,440,15802,141,109980,140,700,110,77000,170000,21000,10000000,14000000,10000000
1,780,250000,2600,350,15802,141,109980,110,960,50,48000,78000,9000,10000000,15000000,10000000
2,730,270000,25400,500,15802,141,102930,190,2100,100,210000,150000,8800,18200000,25400000,18200000
2,678,240000,5700,100,15802,141,95598,130,1600,130,208000,75000,7300,19700000,27200000,19700000
2,760,150000,2300,260,15802,141,107160,130,700,10,7000,230000,6700,11000000,16000000,11000000
0,640,150000,1600,10,15802,141,90240,90,130,50,6500,130000,4000,10000000,15000000,10000000
1,710,180000,12800,570,15802,141,100110,110,2800,10,28000,240000,18000,313600000,321180000,318640000
1,540,160000,2300,60,15802,141,76140,140,670,40,26800,110000,9100,313600000,321180000,318640000
0,790,126000,26000,270,15802,141,111390,200,5000,190,950000,170000,9200,313600000,321180000,318640000
0,720,180000,1900,500,15802,141,101520,100,270,0,0,330000,28000,313600000,321180000,318640000
1,740,150000,11600,230,15802,141,104340,100,1300,10,13000,170000,10000,313600000,321180000,318640000
1,640,211000,3300,200,15802,141,90240,800,1500,480,720000,210000,26000,313600000,321180000,318640000
1,616,300000,6500,320,15802,141,86856,140,3200,10,32000,200000,9800,313600000,321180000,318640000
1,652,230000,18900,640,15802,141,91932,170,6000,20,120000,110000,8200,313600000,321180000,318640000
1,724,94000,4000,140,15802,141,102084,140,600,10,6000,130000,10000,313600000,321180000,318640000
0,756,141000,7400,320,15802,141,106596,170,1200,30,36000,130000,9300,313600000,321180000,318640000
1,480,260000,29600,650,15802,141,67680,130,1900,30,57000,140000,17000,313600000,321180000,318640000
1,760,270000,2100,1,15802,141,107160,170,3900,50,195000,230000,8600,313600000,321180000,318640000
0,706,180000,5000,300,15802,141,99546,150,2400,10,24000,136000,1000,24500000,30000000,24000000
1,760,130000,30000,210,15802,141,107160,130,850,30,25500,149000,15000,17000000,24200000,17300000
2,740,110000,12000,70,15802,141,104340,220,510,11,5610,144000,1900,10200000,15200000,10600000
0,720,160000,17000,240,15802,141,101520,190,2100,42,88200,248000,19000,14200000,20000000,14400000
2,780,80000,33000,100,15802,141,109980,130,740,9,6660,165500,4700,313600000,321180000,318640000
2,710,100000,29000,190,15802,141,100110,320,2200,8,17600,133000,1000,313600000,321180000,318640000
2,400,120000,16000,180,15802,141,56400,200,1600,10,16000,101000,27600,313600000,321180000,318640000
2,620,90000,17000,330,15802,141,87420,150,1000,4,4000,177600,4700,313600000,321180000,318640000
2,420,87000,26000,250,15802,141,59220,100,500,0,0,56800,6710,313600000,321180000,318640000
2,510,110000,31000,180,15802,141,71910,200,900,0,0,302000,1000,313600000,321180000,318640000
1,514,82000,96000,370,15802,141,72474,140,620,29,17980,481000,48500,313600000,321180000,318640000
3,514,142000,101000,800,15802,141,72474,1,50,0,0,274000,264000,313600000,321180000,318640000
2,510,120000,122000,420,15802,141,71910,470,5000,80,400000,63940,3850,5500000,5500000,7700000
2,512,160000,93000,500,15802,141,72192,250,5380,58,312040,117910,7170,5500000,5500000,7700000
1,663,11219,6000,140,53700,141,93483,30,120,0,0,83150,4920,313600000,321180000,318640000
3,700,10716.7,9000,180,23000,141,98700,40,260,70,18200,139400,8500,313600000,321180000,318640000
2,683,26466,4000,140,26600,141,96303,30,0,0,0,10000,1260,62000000,43000000,43000000
2,660,17576,6000,200,19600,141,93060,90,110,10,1100,16780,980,313600000,321180000,318640000
1,626,21000,100,100,28000,141,88266,10,80,0,0,38000,13900,11200000,10600000,21000000
1,626,33000,2000,100,22600,141,88266,10,20,20,400,1400,21100,6200000,7000000,9500000
1,672,70000,5600,180,16800,141,94752,500,300,100,30000,115700,21600,32000000,25000000,39600000
1,668,60000,9200,180,18400,141,94188,100,300,100,30000,85600,19400,19500000,20500000,27500000
1,532,80000,13000,480,3400,141,75012,3700,400,2000,800000,700,100,26000000,25000000,23500000
1,692,60000,12600,220,3500,141,97572,4000,3100,200,620000,3700,500,6700000,6500000,9200000
0,816,30000,15400,150,25800,141,115056,100,700,100,70000,186000,680,41500000,57800000,40500000
1,828,120000,2000,220,12400,141,116748,900,1300,1100,1430000,2000,810,7250000,9875000,7125000
0,801,136000,5000,80,15802,141,112941,180,90,150,13500,97600,29600,7000000,9500000,7000000
1,628,136000,7000,60,15802,141,88548,70,140,1100,154000,1000,5740,149000000,190000000,142500000
0,622,136000,4300,78,15802,141,87702,900,200,100,20000,160000,70000,14500000,20500000,14500000
2,670,136000,15000,1800,15802,141,94470,350,100,90,9000,130000,372000,7125000,9875000,7125000
0,710,136000,800,100,15802,141,100110,200,100,2753,275300,180000,372000,18700000,26200000,18700000
1,830,136000,750,100,15802,141,117030,600,4000,100,400000,110000,372000,18200000,27600000,18200000
0,820,290000,6000,100,15802,141,115620,350,1600,2753,4404800,60000,372000,8900000,11900000,8900000
0,780,220000,1000,30,15802,141,109980,200,140,2753,385420,110000,372000,11100000,15600000,11100000
0,500,190000,1500,50,15802,141,70500,140,140,2753,385420,246000,372000,313600000,321180000,318640000
1,500,219000,10000,200,15802,141,70500,160,700,2753,1927100,246000,372000,313600000,321180000,318640000
0,590,230000,9400,190,15802,141,83190,180,220,2753,605660,58000,17000,14900000,21600000,14900000
0,680,200000,5100,98,15802,141,95880,280,390,2753,1073670,120000,7700,313600000,321180000,318640000
0,600,16,23000,320,15802,141,84600,1151,5534,2753,15235102,140800,5890,313600000,321180000,318640000
0,710,12,2000,320,15802,141,100110,230,220,2753,605660,131900,5590,313600000,321180000,318640000
1,730,190000,5000,100,15802,141,102930,0,1300,0,0,79070,3521,313600000,321180000,318640000
1,810,130000,5300,200,15802,141,114210,0,1800,0,0,161080,10680,313600000,321180000,318640000
1,400,250000,7000,100,15802,141,56400,0,427,0,0,273860,12250,313600000,321180000,318640000
1,750,127000,3500,300,15802,141,105750,1151,1450,2753,3991850,103130,5590,313600000,321180000,318640000
2,630,124000,11000,400,15802,141,88830,1151,370,2753,1018610,130000,11000,63500000,92500000,63500000
1,700,106000,5900,200,15802,141,98700,1151,950,2753,2615350,150000,7300,45600000,67400000,45600000
1,680,136000,13000,360,15802,141,95880,1000,5900,2753,16242700,120000,15000,18100000,24200000,17700000
1,700,136000,8000,300,15802,141,98700,1900,4200,2753,11562600,50343,0,313600000,321180000,318640000
0,750,20,17000,190,15802,141,105750,1151,1200,2753,3303600,125957,0,560000000,760000000,550000000
1,400,136000,16835,160,15802,141,56400,218,1641,255,418455,39990,0,313600000,321180000,318640000
1,860,136000,16835,120,15802,141,121260,275,1155,166,191730,28827,0,313600000,321180000,318640000
0,810,136000,16835,190,15802,141,114210,91,495,0,0,50154,7831,313600000,321180000,318640000
0,630,136000,16835,1100,15802,141,88830,76,29,0,0,90502,4878,313600000,321180000,318640000
0,540,136000,16835,1600,15802,141,76140,85,1051,17,17867,79532,5365,86000000,127000000,87000000
1,530,136000,16835,1400,15802,141,74730,167,352,89,31328,42492,6138,63000000,81000000,66000000
2,770,136000,9000,300,15802,141,108570,217,1804,99,178596,292859,10929,52000000,78000000,54000000
0,780,136000,9000,500,15802,141,109980,173,804,69,55476,106000,17000,6500000,6500000,9500000
2,720,136000,8000,500,15802,141,101520,266,1946,104,202384,33000,4000,14000000,14000000,20320000
0,872,22000,9000,340,25000,141,122952,140,4800,0,0,58000,5000,13500000,13500000,18500000
0,700,23000,600,280,30000,141,98700,170,1600,0,0,26616,1684,16800000,26400000,16800000
0,788,87000,15000,170,20000,141,111108,140,740,0,0,24172,45510,32800000,44000000,31200000
0,492,136000,16835,100,15802,141,69372,113,33,2,66,83224,10332,64000000,84000000,64000000
0,440,136000,16835,130,15802,141,62040,115,301,12,3612,110000,13000,313600000,321180000,318640000
0,500,136000,16835,300,15802,141,70500,1060,867,0,0,300000,30000,40000000,56000000,38000000
0,700,136000,6000,30,15802,141,98700,1151,2000,2753,5506000,410000,19000,313600000,321180000,318640000
2,700,146000,30300,250,15802,141,98700,350,15000,2753,41295000,100000,40000,313600000,321180000,318640000
0,670,136000,16835,170,15802,141,94470,1151,5100,2753,14040300,60000,5500,313600000,321180000,318640000
0,700,136000,16835,50,15802,141,98700,1900,2300,2753,6331900,50000,6200,313600000,321180000,318640000
0,700,136000,16835,20,15802,141,98700,150,530,2753,1459090,310000,23000,199000000,265000000,193000000
0,700,136000,16835,140,15802,141,98700,150,350,2753,963550,170000,14000,30500000,44500000,30500000
3,700,240000,79400,1080,30000,141,98700,0,12000,0,0,70000,3000,10400000,16200000,10500000
2,560,162000,1500,0,0,141,78960,1000,14000,2100,29400000,7000,4400,10100000,14900000,10100000
1,700,60000,7900,20,19000,141,98700,2700,3700,0,0,130000,7000,11900000,17100000,12000000
1,700,160000,1500,20,17000,141,98700,1000,0,0,0,60000,8000,9980000,14500000,9970000
3,527,220000,40900,300,0,141,74307,470,2400,0,0,246000,372000,313600000,321180000,318640000
1,700,200000,3900,50,15000,141,98700,2600,0,0,0,246000,372000,313600000,321180000,318640000
1,626,136000,16835,3500,15802,141,88266,1151,5534,2753,15235102,246000,372000,313600000,321180000,318640000
1,626,136000,16835,3500,15802,141,88266,1151,5534,2753,15235102,82710,9870,313600000,321180000,318640000
1,626,136000,16835,3500,15802,141,88266,1151,5534,2753,15235102,246000,372000,313600000,321180000,318640000
1,626,136000,16835,3500,15802,141,88266,0,3530,330,1164900,246000,372000,313600000,321180000,318640000
1,626,136000,16835,3500,15802,141,88266,1151,5534,2753,15235102,41100,8230,51600000,78600000,53100000
1,626,136000,16835,3500,15802,141,88266,1151,5534,2753,15235102,31200,4530,12000000,18000000,12000000
1,630,0,16835,290,15802,141,88830,0,2650,0,0,14210,2340,7500000,10500000,7500000
1,540,0,16835,310,15802,141,76140,0,1450,1450,2102500,28300,2140,4500000,6000000,4500000
0,470,0,16835,250,15802,141,66270,0,0,0,0,41200,3640,29000000,40000000,29000000
1,480,0,16835,27,15802,141,67680,0,1500,0,0,48600,4150,17000000,26000000,17000000
1,570,0,16835,38,15802,141,80370,0,520,0,0,108680,14570,53600000,78600000,53700000
0,530,0,16835,31,15802,141,74730,0,2630,410,1078300,188270,26650,52300000,77200000,52400000
0,660,148600,3000,120,15802,141,93060,100,2030,0,0,123220,14540,26500000,35400000,26300000
0,710,101700,11000,110,15802,141,100110,250,1180,0,0,191120,18560,27100000,35700000,26700000
0,640,154200,3000,90,15802,141,90240,180,1010,0,0,138300,14950,24000000,33200000,24500000
0,760,209400,6000,140,15802,141,107160,140,1830,0,0,155870,17120,35200000,47800000,35100000
0,780,182300,13000,120,15802,141,109980,70,1540,0,0,162510,17120,48300000,75300000,48100000
0,780,135400,9000,80,15802,141,109980,80,2290,0,0,53230,9260,313600000,321180000,318640000
0,610,251500,4000,110,15802,141,86010,70,1980,0,0,105100,13030,313600000,321180000,318640000
0,700,136000,16835,100,15802,141,98700,90,0,0,0,157690,22800,313600000,321180000,318640000
0,700,136000,16835,100,15802,141,98700,110,0,0,0,161530,22990,313600000,321180000,318640000
0,650,136000,16835,650,15802,141,91650,180,660,0,0,177080,17020,313600000,321180000,318640000
0,600,136000,16835,360,15802,141,84600,160,3640,0,0,235650,38340,313600000,321180000,318640000
0,700,136000,16835,620,15802,141,98700,240,2170,0,0,210000,20000,313600000,321180000,318640000
0,680,136000,16835,600,15802,141,95880,230,1240,0,0,210000,170000,313600000,321180000,318640000
0,690,136000,16835,540,15802,141,97290,300,3000,100,300000,380000,13000,313600000,321180000,318640000
1,640,136000,16835,310,15802,141,90240,300,2000,200,400000,300000,30000,313600000,321180000,318640000
1,630,136000,16835,210,15802,141,88830,500,3000,700,2100000,70000,372000,313600000,321180000,318640000
0,540,136000,16835,190,15802,141,76140,300,2000,500,1000000,110000,10000,313600000,321180000,318640000
0,480,136000,16835,270,15802,141,67680,200,500,2753,1376500,120000,372000,313600000,321180000,318640000
0,370,136000,16835,880,15802,141,52170,300,600,2753,1651800,100000,20000,313600000,321180000,318640000
0,650,136000,16835,310,15802,141,91650,180,600,2753,1651800,220000,20000,313600000,321180000,318640000
0,610,136000,16835,230,15802,141,86010,400,600,500,300000,100000,10000,313600000,321180000,318640000
0,740,136000,16835,120,15802,141,104340,400,3000,100,300000,220000,11000,313600000,321180000,318640000
0,680,136000,16835,14,15802,141,95880,300,500,2753,1376500,100000,10000,313600000,321180000,318640000
1,650,136000,16835,310,15802,141,91650,500,100,800,80000,126000,5800,10400000,17600000,10400000
0,610,136000,16835,230,15802,141,86010,900,400,100,40000,49000,3300,7800000,11200000,7800000
1,530,32000,12700,280,10900,141,74730,180,1600,0,0,246000,372000,12400000,17000000,12800000
1,760,82000,5900,28,21000,141,107160,110,180,0,0,246000,372000,25200000,36000000,27000000
0,680,136000,8300,84,15802,141,95880,1151,5534,2753,15235102,97000,3300,313600000,321180000,318640000
0,626,136000,16835,3500,15802,141,88266,1151,5534,2753,15235102,7800,2000,29500000,41300000,30000000
0,640,53000,2000,200,16500,141,90240,100,460,0,0,91000,3700,313600000,321180000,318640000
0,636,48000,1000,110,21900,141,89676,110,0,0,0,76000,4400,313600000,321180000,318640000
1,676,42000,500,210,31100,141,95316,110,490,0,0,174000,6300,52800000,80000000,52800000
0,636,65000,1600,160,22400,141,89676,110,150,0,0,153000,5000,53600000,84000000,52000000
0,626,77000,16835,3500,15802,141,88266,1200,1400,0,0,140000,11000,15500000,16000000,12500000
0,626,91000,16835,3500,15802,141,88266,100,2900,0,0,105000,5000,8400000,12400000,8400000
0,700,47000,4400,200,15802,141,98700,180,230,0,0,575000,28000,5000000,6200000,5000000
1,700,61000,1300,150,15802,141,98700,160,100,0,0,268000,9000,4500000,5800000,4500000
1,670,76000,15000,60,24000,141,94470,190,3530,60,211800,122000,9000,313600000,321180000,318640000
1,620,83000,7000,80,3000,146,90520,220,620,130,80600,331000,14000,313600000,321180000,318640000
1,520,136000,16835,740,20000,143,74360,650,4500,800,3600000,265000,11000,313600000,321180000,318640000
1,672,136000,16835,700,25000,142,95424,470,1110,390,432900,198000,11000,12500000,8800000,8800000
1,640,136000,9000,260,4000,144,92160,280,500,240,120000,206000,60000,313600000,321180000,318640000
1,460,136000,12000,240,17000,142,65320,110,1050,30,31500,105000,11000,313600000,321180000,318640000
1,600,206000,2000,260,15802,147,88200,830,3210,230,738300,78860,5630,7000000,7000000,9800000
1,640,157000,16835,150,15802,148,94720,140,20,10,200,116880,8430,7000000,7000000,10000000
1,668,136000,8000,290,15802,148,98864,70,360,10,3600,53220,2970,22500000,22500000,30900000
1,676,136000,5400,280,15802,148,100048,70,1050,50,52500,81750,4490,93000000,94500000,132000000
1,778,136000,8100,300,15802,148,115144,90,60,20,1200,90000,13230,39600000,39600000,39600000
1,796,136000,12500,360,15802,145,115420,450,6130,870,5333100,81950,5810,82000000,116000000,82000000
1,644,136000,9500,400,15802,135,86940,160,5390,860,4635400,59000,2800,85000000,98000000,85000000
1,740,136000,39800,300,15802,144,106560,1210,3180,70,222600,1,1,24000000,33750000,24000000
1,680,136000,9000,280,15802,144,97920,210,30,0,0,243970,20448,44000000,60000000,44000000
0,702,190000,0,0,15802,137,96174,90,1,2,2,119000,16000,48000000,72000000,48000000
1,785,260000,6400,200,15802,135,105975,57,1229,2,2458,104000,14000,152000000,220000000,152000000
0,500,136000,2000,70,15802,145,72500,100,1200,0,0,92000,8000,20000000,30000000,20000000
0,690,136000,8000,50,15802,145,100050,300,1000,0,0,58838,11083,313600000,321180000,318640000
0,690,136000,1000,10,15802,145,100050,800,70,40,2800,56257,3065,313600000,321180000,318640000
0,600,136000,14000,240,15802,141,84600,1151,864,2753,2378592,121000,6800,77000000,100000000,77000000
1,600,136000,12000,19,15802,150,90000,314,355,2753,977315,609000,20000,451500000,615000000,442500000
1,600,16000,5000,110,15802,142,85200,160,710,40,28400,185000,11500,7750000,11000000,7750000
1,590,31000,7900,740,15802,142,83780,650,2340,780,1825200,195000,16000,7500000,16000000,7000000
1,700,17000,60000,250,15802,148,103600,130,2210,30,66300,166000,4000,111000000,165000000,111000000
1,710,20000,72000,550,15802,153,108630,130,2930,240,703200,129000,7900,16500000,23100000,16550000
1,560,22000,5400,110,15802,146,81760,1600,250,70,17500,205000,21000,13250000,18350000,13100000
1,550,15000,2800,154,15802,157,86350,390,3240,390,1263600,60000,4900,313600000,321180000,318640000
1,530,32000,4100,278,15802,149,78970,280,2830,90,254700,41900,4600,313600000,321180000,318640000
1,560,136000,3400,600,15802,141,78960,100,1000,0,0,95000,9000,313600000,321180000,318640000
0,653,136000,6700,700,15802,139,90767,280,340,0,0,24000,1000,313600000,321180000,318640000
0,610,136000,12000,450,15802,141,86010,310,840,0,0,38000,2000,313600000,321180000,318640000
0,570,136000,9800,520,15802,144,82080,460,950,220,209000,34200,2400,313600000,321180000,318640000
0,576,136000,8700,560,15802,144,82944,120,0,0,0,146100,13630,313600000,321180000,318640000
0,648,136000,7000,260,15802,143,92664,20,700,0,0,81740,3530,2500000,2500000,2500000
0,786,136000,10800,340,15802,139,109254,140,1020,0,0,180030,12780,3000000,3000000,3000000
0,600,136000,42000,600,24000,150,90000,100,170,10,1700,223280,14470,12000000,12000000,12000000
1,600,136000,48000,900,18000,143,85800,220,1050,100,105000,94050,5950,20000000,20000000,20000000
1,600,136000,41000,750,24000,150,90000,410,4550,120,546000,1000,50000,15000000,15000000,15000000
0,600,136000,32000,540,17000,155,93000,100,60,10,600,1000,21000,18000000,18000000,18000000
0,600,136000,31000,610,16000,155,93000,2100,50,80,4000,20000,70000,17000000,17000000,17000000
1,600,136000,42000,800,12000,151,90600,6000,200,100,20000,157000,11920,53000000,75000000,56000000
1,600,136000,40000,740,12000,145,87000,5000,800,700,560000,265100,11400,105000000,155000000,105000000
1,728,110000,6600,600,10000,144,104832,150,1570,170,266900,354570,38320,37000000,58000000,43000000
1,564,120000,12400,500,10000,148,83472,350,770,470,361900,277880,21680,38000000,51000000,36000000
1,664,100000,9000,700,10000,144,95616,270,4270,190,811300,273630,127800,940000000,940000000,1260000000
1,720,130000,11000,600,10000,140,100800,280,8970,210,1883700,151010,7150,600000000,600000000,800000000
0,552,223000,1200,500,15802,139,76728,520,1280,600,768000,143780,7130,160000000,172000000,220000000
0,600,250000,900,450,15802,139,83400,230,270,120,32400,130840,12550,7100000,7100000,10300000
0,580,282000,1800,480,5000,139,80620,110,250,80,20000,736000,4120,313600000,321180000,318640000
0,600,117000,1000,310,18400,137,82200,180,4400,50,220000,64430,2770,11000000,11000000,13800000
0,600,287000,700,100,19600,137,82200,420,990,120,118800,128900,7310,24000000,33000000,23000000
0,600,238000,700,150,19200,137,82200,250,60,80,4800,709500,5560,24000000,35000000,24000000
1,760,100000,900,300,10000,142,107920,80,60,30,1800,87840,5720,16500000,22000000,13500000
1,724,110000,2300,200,10000,142,102808,40,270,50,13500,152000,19000,11000000,15600000,11000000
1,768,110000,2800,170,10000,138,105984,100,310,0,0,382000,24000,78000000,95000000,78000000
1,653,303000,8900,230,15802,138,90114,280,2640,170,448800,79000,10000,8500000,10500000,8500000
1,630,270000,11000,740,15802,140,88200,500,9760,480,4684800,110000,13000,12500000,19500000,12000000
0,700,198000,1700,60,15802,145,101500,130,180,20,3600,246000,372000,313600000,321180000,318640000
1,500,136000,16835,90,15802,145,72500,350,1900,600,1140000,230000,14000,44000000,62000000,44000000
0,626,136000,16835,3500,15802,141,88266,1151,5534,2753,15235102,220000,13000,3200000,4200000,3200000
1,780,136000,16835,180,15802,154,120120,200,1600,560,896000,120000,12000,313600000,321180000,318640000
1,540,100000,16835,40,15802,148,79920,180,2200,110,242000,90000,11000,18000000,27300000,18300000
0,740,136000,16835,210,15802,152,112480,200,1400,50,70000,160000,10000,10120000,14750000,10120000
1,680,136000,5600,300,15802,144,97920,200,900,90,81000,126000,10000,40000000,40000000,56000000
1,800,140000,6000,100,10300,155,124000,200,1400,100,140000,59000,1000,22000000,21000000,30000000
1,804,6.4,4500,180,20000,146,117384,340,1100,170,187000,218000,0,23800000,24000000,33500000
1,816,6.7,17000,390,12000,146,119136,100,170,0,0,170000,15000,313600000,321180000,318640000
1,666,1.4,305000,850,2000,150,99900,340,175,0,0,136000,8000,313600000,321180000,318640000
1,692,2.1,15000,14,3000,137,94804,250,1719,0,0,90000,0,313600000,321180000,318640000
1,356,2,15000,1310,5000,138,49128,130,1242,0,0,50000,0,313600000,321180000,318640000
1,620,14,15000,76,5000,136,84320,360,8250,0,0,0,250000,313600000,321180000,318640000
0,450,5,15000,50,30000,150,67500,240,130,0,0,150000,0,313600000,321180000,318640000
1,530,11.6,20300,460,4000,150,79500,210,140,0,0,84000,7800,313600000,321180000,318640000
1,560,0,12000,194,20000,140,78400,300,390,170,66300,110000,6700,313600000,321180000,318640000
1,680,0,20000,320,25000,137,93160,200,420,110,46200,76000,3600,313600000,321180000,318640000
1,683,0,11000,490,20000,141,96303,210,540,210,113400,9000,10000,313600000,321180000,318640000
1,693,0,20000,100,28000,143,99099,140,110,0,0,200000,3000,313600000,321180000,318640000
0,700,0,900,150,20000,147,102900,3870,3960,1570,6217200,300000,4000,313600000,321180000,318640000
1,690,0,700,180,15000,141,97290,2410,4120,1610,6633200,120000,17700,8000000,11000000,8000000
0,710,0,900,100,10000,140,99400,260,3910,1470,5747700,141400,13200,2000000,3000000,2000000
1,557,180000,2600,90,12000,147,81879,300,1600,10,16000,141000,15700,9000000,13500000,9000000
1,540,154000,2200,90,11000,145,78300,100,300,10,3000,73500,17200,17600000,24400000,17600000
1,590,149000,10000,170,12000,145,85550,200,500,10,5000,88300,33100,17500000,24500000,17500000
1,613,93000,10000,70,20000,148,90724,100,600,10,6000,167000,34000,313600000,321180000,318640000
1,710,140000,1100,90,15000,148,105080,100,600,10,6000,113000,19000,313600000,321180000,318640000
1,600,136000,16835,480,19000,141,84600,190,2200,30,66000,96000,25000,313600000,321180000,318640000
1,540,136000,16835,60,37000,149,80460,100,230,800,184000,101000,18000,313600000,321180000,318640000
1,580,136000,16835,170,11800,138,80040,120,530,800,424000,72000,11900,313600000,321180000,318640000
1,700,136000,16835,110,18600,146,102200,130,270,800,216000,195300,28270,313600000,321180000,318640000
1,600,136000,16835,210,30000,152,91200,80,180,800,144000,95300,9280,313600000,321180000,318640000
1,630,0,16835,1380,15802,143,90090,210,1050,10,10500,142840,18970,313600000,321180000,318640000
1,630,0,16835,220,15802,154,97020,80,140,100,14000,120970,15930,313600000,321180000,318640000
1,710,0,16835,600,15802,147,104370,180,3650,10,36500,110840,7670,313600000,321180000,318640000
1,750,0,16835,190,15802,153,114750,160,1340,10,13400,2000000,950000,313600000,321180000,318640000
1,756,0,16835,110,15802,154,116424,110,220,100,22000,5000000,650000,313600000,321180000,318640000
1,626,136000,16835,3500,15802,141,88266,3000,86960,350000,30436000000,3000000,450000,313600000,321180000,318640000
1,626,136000,16835,3500,15802,141,88266,3000,65000,260000,16900000000,4000000,950000,313600000,321180000,318640000
1,626,136000,16835,3500,15802,141,88266,1000,65000,12000,780000000,9500000,950000,313600000,321180000,318640000
1,626,136000,16835,3500,15802,141,88266,3000,65000,85000,5525000000,5000000,650000,313600000,321180000,318640000
1,626,136000,16835,3500,15802,141,88266,2010,86960,45000,3913200000,3000000,450000,313600000,321180000,318640000
1,626,136000,16835,3500,15802,141,88266,3000,86960,12000,1043520000,4000000,950000,313600000,321180000,318640000
1,626,136000,16835,3500,15802,141,88266,1000,65000,85000,5525000000,5000000,950000,313600000,321180000,318640000
1,626,136000,16835,3500,15802,141,88266,3000,86960,45000,3913200000,5000000,650000,313600000,321180000,318640000
1,626,136000,16835,3500,15802,141,88266,1000,65000,85000,5525000000,4000000,450000,313600000,321180000,318640000
1,626,136000,16835,3500,15802,141,88266,1000,65000,45000,2925000000,9500000,950000,313600000,321180000,318640000
1,626,136000,16835,3500,15802,141,88266,3000,23000,85000,1955000000,3000000,950000,313600000,321180000,318640000
1,626,136000,16835,3500,15802,141,88266,2010,86960,45000,3913200000,2000000,650000,313600000,321180000,318640000
1,626,136000,16835,3500,15802,141,88266,3000,65000,85000,5525000000,5000000,450000,313600000,321180000,318640000
1,626,136000,16835,3500,15802,141,88266,1000,65000,45000,2925000000,72400,372000,313600000,321180000,318640000
1,626,136000,16835,3500,15802,141,88266,3000,86960,45000,3913200000,8410,372000,313600000,321180000,318640000
1,720,120000,1000,500,15802,140,100800,151,415,17,7055,8320,372000,313600000,321180000,318640000
1,610,140000,1000,1000,15802,135,82350,174,702,58,40716,108917,9037,313600000,321180000,318640000
1,540,87000,1000,1300,15802,136,73440,151,162,35,5670,65195,12413,313600000,321180000,318640000
1,520,270000,16835,260,15802,137,71240,222,1593,38,60534,192839,19247,313600000,321180000,318640000
0,600,130000,16835,100,15802,138,82800,190,64,37,2368,137226,10226,313600000,321180000,318640000
0,640,260000,16835,600,15802,133,85120,276,2838,116,329208,215412,27911,313600000,321180000,318640000
0,620,200000,16835,100,15802,128,79360,191,297,54,16038,102309,7186,6500000,6500000,10000000
1,560,340000,16835,1400,15802,142,79520,261,2628,77,202356,78999,5477,313600000,321180000,318640000
0,500,91200,16835,0,15802,141,70500,341,1715,111,190365,148177,12004,7000000,7000000,10000000
0,576,227000,16835,300,15802,140,80640,125,343,30,10290,146462,13162,313600000,321180000,318640000
0,766,159300,16835,18,15802,138,105708,305,3251,85,276335,130142,8909,313600000,321180000,318640000
1,420,220000,16835,200,15802,140,58800,265,564,50,28200,93121,11992,313600000,321180000,318640000
1,430,180000,16835,200,15802,143,61490,242,573,39,22347,80000,4000,313600000,321180000,318640000
1,400,180000,16835,500,15802,145,58000,103,2219,20,44380,134000,8000,6000000,8500000,6000000
1,640,80000,3800,30,23200,149,95360,100,400,2753,1101200,112000,10000,313600000,321180000,318640000
1,753,48000,5000,10,13700,148,111444,100,500,2753,1376500,103000,7000,313600000,321180000,318640000
1,606,10000,6000,10,14000,141,85446,100,400,2753,1101200,356000,16000,75900000,75000000,110000000
1,626,136000,16835,3500,15800,141,88266,100,200,2753,550600,199230,3470,72000000,72000000,103000000
1,550,80000,12000,200,15200,141,77550,300,1900,70,133000,106000,7400,12400000,12800000,18000000
0,600,50000,20000,300,15802,141,84600,100,150,100,15000,124800,9100,20300000,13300000,13500000
0,617,103000,6240,170,12000,144,88848,120,950,20,19000,77000,4000,9720000,18410000,9720000
0,607,120000,5940,200,12600,141,85587,110,1630,30,48900,142000,4000,11500000,11500000,16000000
0,633,200000,4770,200,15802,141,89253,130,230,0,0,90070,8100,22700000,23500000,30900000
0,640,157000,6150,200,15802,140,89600,100,240,40,9600,43950,3020,9500000,9500000,13000000
1,790,136000,5000,30,15802,141,111390,120,6040,0,0,70620,5620,6900000,7100000,9900000
0,773,136000,1400,20,15802,140,108220,100,0,0,0,76530,3030,17000000,17000000,26000000
1,790,105000,12000,20,15802,144,113760,120,190,0,0,106800,12480,6800000,6500000,9900000
1,777,136000,16000,20,15802,135,104895,100,270,0,0,163400,156800,24600000,35500000,24700000
2,626,307000,16835,3500,100,141,88266,83,377,0,0,104600,11800,28900000,41200000,29100000
1,610,166000,6500,2000,21000,141,86010,140,810,0,0,141400,34800,9700000,14700000,9500000
1,720,132000,1600,100,20000,141,101520,140,270,340,91800,117900,15230,15600000,23900000,15600000
1,640,295000,35400,580,19000,139,88960,1570,1890,0,0,79800,14300,30600000,44200000,31000000
1,420,298000,10400,380,19000,140,58800,140,540,0,0,246000,372000,313600000,321180000,318640000
1,590,182000,4200,300,17000,130,76700,140,270,0,0,246000,372000,313600000,321180000,318640000
1,626,136000,16835,3500,15802,141,88266,1151,5534,2753,15235102,246000,372000,313600000,321180000,318640000
1,626,136000,16835,3500,15802,141,88266,1151,5534,2753,15235102,246000,372000,313600000,321180000,318640000
1,626,136000,16835,3500,15802,141,88266,1151,5534,2753,15235102,246000,372000,313600000,321180000,318640000
1,626,136000,16835,3500,15802,141,88266,1151,5534,2753,15235102,246000,372000,313600000,321180000,318640000
1,626,136000,16835,3500,15802,141,88266,1151,5534,2753,15235102,246000,372000,313600000,321180000,318640000
1,700,136000,16835,400,15802,135,94500,0,200000,0,0,246000,372000,313600000,321180000,318640000
1,730,136000,16835,800,15802,138,100740,300000,300000,0,0,246000,372000,313600000,321180000,318640000
1,750,136000,16835,100,15802,137,102750,0,100000,0,0,246000,372000,313600000,321180000,318640000
1,700,136000,16835,400,15802,145,101500,0,100000,0,0,85000,6000,10000000,14000000,10000000
1,730,136000,16835,300,15802,139,101470,0,200000,0,0,110000,9000,8000000,5000000,6000000
1,658,210000,1600,10,15802,145,95410,700,900,2753,2477700,91000,6000,14000000,20000000,14000000
1,477,150000,3300,10,15802,143,68211,300,300,2753,825900,82000,7000,15000000,20000000,15000000
1,572,80000,3600,140,15802,141,80652,500,2400,200,480000,67000,3000,14000000,10000000,10000000
1,690,70000,3400,80,15802,141,97290,400,1500,200,300000,76000,1200,17000000,20000000,18000000
1,538,150000,2600,40,15802,137,73706,200,1200,2753,3303600,90000,3000,13000000,9500000,10000000
1,635,130000,2300,20,15802,138,87630,140,800,2753,2202400,120000,6000,19000000,9800000,9900000
1,748,136000,1200,10,15802,141,105468,30,200,2753,550600,210000,18000,48000000,34000000,34000000
1,465,136000,1200,100,15802,140,65100,400,2200,40,88000,270000,14000,42000000,62000000,42000000
1,728,200000,2300,250,15802,151,109928,1300,2600,400,1040000,26000,40000,313600000,321180000,318640000
1,495,180000,2500,120,15802,141,69795,1500,6600,1000,6600000,44000,4800,313600000,321180000,318640000
1,744,60000,2000,70,15802,140,104160,580,460,120,55200,52000,1800,313600000,321180000,318640000
1,627,80000,6400,40,15802,135,84645,200,980,200,196000,29000,3400,313600000,321180000,318640000
1,750,148000,2000,10,15802,134,100500,130,0,0,0,56000,4800,313600000,321180000,318640000
1,600,40000,12000,60,15802,138,82800,230,120,60,7200,80000,7600,313600000,321180000,318640000
1,557,150000,2000,40,15802,143,79651,110,1300,270,351000,27000,2700,270000,360000,270000
1,640,110000,11000,40,15802,145,92800,140,1100,0,0,30000,3100,300000,400000,300000
0,450,174000,1500,30,32000,136,61200,200,700,400,280000,93000,8500,510000,790000,510000
0,600,161000,4700,30,27000,138,82800,200,0,0,0,336000,40000,280000,410000,280000
0,640,109000,4300,60,3000,141,90240,300,200,100,20000,306000,25000,250000,400000,260000
0,610,282000,81000,860,2000,141,86010,400,4000,600,2400000,300000,14000,280000,410000,280000
0,500,205000,9900,290,13000,141,70500,300,4000,200,800000,109000,3000,101000,150000,110000
0,500,225000,2000,90,9000,146,73000,200,2000,200,400000,30000,6000,130000,175000,130000
0,700,179000,1200,20,15802,139,97300,200,100,0,0,152000,11000,190000,280000,190000
0,670,97000,2500,30,15802,138,92460,300,100,100,10000,128000,6000,170000,240000,170000
0,590,117000,1700,70,19000,136,80240,200,600,100,60000,50000,40000,313600000,321180000,318640000
0,610,87000,1000,40,20000,135,82350,200,300,100,30000,65000,60000,313600000,321180000,318640000
0,400,250000,120000,1000,15000,128,51200,4000,9000,4000,36000000,60000,50000,313600000,321180000,318640000
2,320,320000,160000,2600,9000,124,39680,6000,20000,6000,120000000,60000,50000,313600000,321180000,318640000
1,350,300000,150000,2500,10000,125,43750,5000,10000,5000,50000000,70000,70000,313600000,321180000,318640000
1,350,300000,150000,2500,10000,125,43750,5000,10000,5000,50000000,60000,50000,313600000,321180000,318640000
2,330,340000,160000,2700,8000,123,40590,6000,20000,6000,120000000,60000,50000,313600000,321180000,318640000
1,350,300000,150000,2500,10000,125,43750,5000,10000,5000,50000000,70000,60000,313600000,321180000,318640000
1,350,300000,150000,2500,10000,125,43750,5000,10000,5000,50000000,60000,50000,313600000,321180000,318640000
2,330,310000,170000,2900,9000,123,40590,6000,20000,7000,140000000,780000,60000,313600000,321180000,318640000
1,350,300000,150000,2500,10000,125,43750,5000,10000,5000,50000000,50000,40000,313600000,321180000,318640000
2,310,320000,160000,2800,9000,122,37820,7000,20000,6000,120000000,40000,30000,313600000,321180000,318640000
0,420,260000,120000,1500,15000,130,54600,4000,9000,4000,36000000,69000,70000,313600000,321180000,318640000
0,400,270000,110000,1800,15000,130,52000,4000,8000,4000,32000000,60000,50000,313600000,321180000,318640000
2,340,310000,160000,2700,9000,122,41480,6000,20000,7000,140000000,7000,60000,313600000,321180000,318640000
1,350,300000,150000,2500,10000,125,43750,5000,10000,5000,50000000,7000,60000,313600000,321180000,318640000
2,330,320000,160000,2600,8000,123,40590,7000,20000,7000,140000000,8000,70000,313600000,321180000,318640000
2,310,320000,160000,2800,9000,120,37200,7000,15000,6000,90000000,60000,50000,313600000,321180000,318640000
2,340,340000,170000,2700,9000,122,41480,6000,19000,6000,114000000,7000,60000,313600000,321180000,318640000
1,350,300000,150000,2500,10000,125,43750,5000,10000,5000,50000000,40000,30000,313600000,321180000,318640000
2,320,310000,160000,2600,8000,124,39680,6000,20000,6000,120000000,60000,50000,313600000,321180000,318640000
0,400,280000,110000,2000,1200,130,52000,4000,9000,4000,36000000,60000,50000,313600000,321180000,318640000
1,350,300000,150000,2500,10000,125,43750,5000,10000,5000,50000000,7500,60000,313600000,321180000,318640000
1,350,300000,150000,2500,10000,125,43750,5000,10000,5000,50000000,40000,30000,313600000,321180000,318640000
2,340,320000,170000,2600,9000,122,41480,6000,20000,7000,140000000,50000,40000,313600000,321180000,318640000
0,410,250000,100000,1600,15000,132,54120,4000,8000,3000,24000000,7000,65000,313600000,321180000,318640000
0,430,260000,120000,1900,16000,130,55900,4000,9000,4000,36000000,7400,70000,313600000,321180000,318640000
2,330,320000,160000,2800,8000,121,39930,7000,15000,5500,82500000,6800,700000,313600000,321180000,318640000
2,320,320000,170000,2900,8000,120,38400,7000,20000,6000,120000000,60000,50000,313600000,321180000,318640000
2,320,310000,160000,2600,9000,124,39680,6000,18000,6800,122400000,40000,30000,313600000,321180000,318640000
1,350,300000,150000,2500,10000,125,43750,5000,10000,5000,50000000,50000,40000,313600000,321180000,318640000
0,440,240000,120000,2000,12000,129,56760,4000,9000,3000,27000000,50000,40000,313600000,321180000,318640000
0,420,270000,100000,1800,15000,133,55860,4000,8000,4000,32000000,7000,68000,313600000,321180000,318640000
0,430,260000,110000,1900,13000,130,55900,3000,9000,4000,36000000,60000,50000,313600000,321180000,318640000
2,330,310000,160000,2700,9000,121,39930,6000,20000,6000,120000000,60000,50000,313600000,321180000,318640000
1,350,300000,150000,2500,10000,125,43750,5000,10000,5000,50000000,246000,372000,26100000000,26100000000,26100000000
1,350,300000,150000,2500,10000,125,43750,5000,10000,5000,50000000,246000,372000,25800000000,25800000000,25800000000
0,750,136000,16835,190,15802,148,111000,1151,5534,2753,15235102,246000,372000,26400000000,26400000000,26400000000
0,780,136000,16835,120,15802,149,116220,1151,5534,2753,15235102,246000,372000,26000000000,26000000000,26000000000
1,740,136000,16835,170,15802,146,108040,1151,5534,2753,15235102,246000,372000,46500000,64500000,46000000
1,760,136000,16835,170,15802,149,113240,1151,5534,2753,15235102,246000,372000,27000000,40500000,27250000
1,700,164000,7000,190,17000,147,102900,150,5100,60,306000,229470,49040,9000000,9000000,13000000
1,633,136000,55000,600,14000,144,91152,120,5310,110,584100,257710,372000,313600000,321180000,318640000
1,480,136000,19000,390,15000,144,69120,50,4000,30,120000,278150,17560,9000000,12500000,9000000
1,688,136000,25100,110,15802,142,97696,60,1910,120,229200,246150,20050,313600000,321180000,318640000
1,636,136000,7000,100,15802,137,87132,50,2690,120,322800,246000,372000,313600000,321180000,318640000
1,626,136000,16835,3500,15802,141,88266,1151,5534,2753,15235102,97000,11000,68000000,76000000,96000000
1,550,136000,1200,140,15802,141,77550,1000,300,300,90000,348000,21000,130000000,120000000,170000000
1,380,136000,3000,120,15802,141,53580,500,2000,500,1000000,244000,27000,15000000,16000000,23000000
1,380,136000,9100,460,15802,143,54340,200,4900,100,490000,63000,13000,8620000,12120000,8120000
1,550,136000,1800,100,15802,144,79200,2000,1000,0,0,97000,7000,15000000,15000000,21000000
1,400,136000,4900,180,15802,142,56800,200,800,0,0,258000,14000,46000000,46000000,60000000
1,470,136000,1600,320,15802,144,67680,300,3100,100,310000,480000,30000,35000000,47000000,60000000
1,420,136000,1700,240,15802,144,60480,2000,8900,3000,26700000,190000,19000,10000000,10000000,14000000
1,410,136000,3600,200,15802,144,59040,300,25700,200,5140000,205000,15000,33000000,32000000,44000000
1,520,136000,3000,180,15802,143,74360,300,2000,200,400000,246000,372000,26000000,33000000,26000000
1,652,136000,16835,440,15802,138,89976,1151,5534,2753,15235102,246000,372000,10000000,12500000,10000000
1,744,136000,16835,210,15802,142,105648,1151,5534,2753,15235102,246000,372000,19500000,27000000,19500000
1,688,136000,16835,80,15802,138,94944,1151,5534,2753,15235102,246000,372000,15000000,21000000,16000000
1,696,136000,16835,380,15802,139,96744,1151,5534,2753,15235102,1800,2660,7000000,7000000,14100000
0,420,136000,16835,660,15802,145,60900,0,90,4410,396900,65600,49130,7000000,9500000,7000000
0,440,136000,16835,200,15802,150,66000,0,0,20,0,72560,35000,313600000,321180000,318640000
1,360,136000,16835,470,15802,151,54360,0,30,10,300,64940,36460,313600000,321180000,318640000
1,380,136000,16835,100,15802,128,48640,0,0,0,0,22800,22700,313600000,321180000,318640000
0,380,136000,16835,130,15802,147,55860,0,0,10,0,72970,19630,313600000,321180000,318640000
0,410,136000,16835,150,15802,151,61910,0,0,10,0,177190,24110,313600000,321180000,318640000
0,400,136000,16835,300,15802,138,55200,540,5310,600,3186000,60000,44740,313600000,321180000,318640000
1,450,136000,16835,210,15802,142,63900,0,10,60,600,69230,3340,313600000,321180000,318640000
2,400,136000,16835,1300,15802,138,55200,0,10,0,0,65060,40070,313600000,321180000,318640000
1,390,136000,16835,400,15802,143,55770,0,0,0,0,180000,47000,21000000,20500000,20000000
1,640,136000,16835,660,15802,145,92800,700,2200,0,0,200000,31000,16000000,15300000,15000000
1,580,136000,16835,200,15802,150,87000,7500,1630,300,489000,530000,49000,15300000,15000000,14900000
1,620,136000,16835,470,15802,151,93620,800,1000,0,0,111000,5000,19000000,18500000,18300000
1,650,136000,16835,100,15802,128,83200,500,280,0,0,35000,5000,24000000,23500000,23200000
1,550,136000,16835,130,15802,147,80850,2800,1280,700,896000,46000,27000,11300000,11300000,11200000
1,580,136000,16835,150,15802,151,87580,700,800,0,0,126000,24000,16000000,15500000,15800000
1,620,136000,16835,300,15802,138,85560,800,6600,1100,7260000,66000,10000,16200000,16100000,16100000
1,660,136000,16835,210,15802,142,93720,640,1000,550,550000,108000,12800,19400000,19400000,19300000
1,570,136000,16835,1300,15802,138,78660,500,1000,1470,1470000,468000,48000,11300000,11000000,11300000
1,610,136000,16835,400,15802,143,87230,870,4000,1760,7040000,68000,12000,16000000,15800000,15600000
1,620,136000,16835,660,15802,137,84940,1000,800,1000,800000,706190,192640,313600000,321180000,318640000
1,620,136000,16835,470,15802,151,93620,1750,10,0,0,246000,372000,313600000,321180000,318640000
1,650,136000,16835,100,15802,128,83200,1151,5534,2753,15235102,442400,136300,313600000,321180000,318640000
1,550,136000,16835,130,15802,147,80850,100,9800,700,6860000,246000,372000,313600000,321180000,318640000
1,580,136000,16835,150,15802,151,87580,1151,5534,2753,15235102,246000,372000,313600000,321180000,318640000
1,620,136000,16835,300,15802,138,85560,1151,5534,2753,15235102,32090,7070,313600000,321180000,318640000
1,660,136000,16835,210,15802,142,93720,160,1230,30,36900,246000,372000,313600000,321180000,318640000
1,570,136000,16835,1300,15802,138,78660,1151,5534,2753,15235102,246000,372000,313600000,321180000,318640000
1,610,136000,16835,400,15802,143,87230,1151,5534,2753,15235102,246000,372000,313600000,321180000,318640000
1,620,136000,16835,660,15802,137,84940,1151,5534,2753,15235102,246000,372000,313600000,321180000,318640000
1,620,136000,16835,470,15802,151,93620,1151,5534,2753,15235102,246000,372000,313600000,321180000,318640000
1,650,136000,16835,100,15802,128,83200,1151,5534,2753,15235102,246000,372000,313600000,321180000,318640000
1,550,136000,16835,130,15802,147,80850,1151,5534,2753,15235102,246000,372000,313600000,321180000,318640000
1,580,136000,16835,150,15802,151,87580,1151,5534,2753,15235102,246000,372000,313600000,321180000,318640000
1,620,136000,16835,300,15802,138,85560,1151,5534,2753,15235102,246000,372000,313600000,321180000,318640000
1,660,136000,16835,210,15802,142,93720,1151,5534,2753,15235102,157000,16000,8000000,8000000,11000000
1,610,136000,16835,4,15802,154,93940,800,4700,3600,16920000,37000,7800,8000000,8000000,12000000
1,580,136000,16835,230,15802,147,85260,400,700,400,280000,93000,18000,9000000,9000000,11000000
1,560,136000,16835,240,15802,148,82880,600,2000,2800,5600000,120000,10000,9000000,9000000,13000000
1,550,136000,16835,270,15802,145,79750,600,4300,4400,18920000,220000,16000,9000000,9000000,13000000
1,520,136000,16835,300,15802,143,74360,370,3300,360,1188000,190000,11000,313600000,321180000,318640000
1,668,50000,60,16700,15802,149,99532,600,4000,3500,14000000,140000,17000,313600000,321180000,318640000
1,420,70000,300,39600,15802,141,59220,200,3800,100,380000,30000,6000,313600000,321180000,318640000
0,748,50000,30,5200,15802,141,105468,100,100,200,20000,200000,16000,313600000,321180000,318640000
0,566,136000,160,3500,15802,145,82070,200,2100,100,210000,110000,9000,313600000,321180000,318640000
0,532,136000,90,3500,15802,141,75012,100,600,0,0,150000,10000,313600000,321180000,318640000
0,573,136000,120,3500,15802,149,85377,200,1300,0,0,130000,5000,313600000,321180000,318640000
0,532,136000,200,3500,15802,143,76076,300,300,100,30000,100000,8000,313600000,321180000,318640000
0,537,136000,100,3500,15802,148,79476,100,400,0,0,170000,15000,313600000,321180000,318640000
0,566,136000,160,3500,15802,139,78674,200,1800,100,180000,30000,5000,313600000,321180000,318640000
0,568,136000,100,3500,15802,139,78952,300,100,200,20000,115000,860,313600000,321180000,318640000
1,773,136000,43.8,10460,15802,141,108993,351,6320,1230,7773600,11900,12000,313600000,321180000,318640000
1,763,136000,120,12800,15802,146,111398,309,73,0,0,10800,1890,27810000,37530000,32770000
0,698,136000,30,6200,15802,143,99814,129,2680,18,48240,15300,7180,28340000,39400000,28460000
0,755,136000,50,3850,15802,142,107210,357,104,146,15184,18230,1680,60000000,75000000,58000000
0,723,136000,32,5790,15802,149,107727,220,620,28,17360,88700,15180,313600000,321180000,318640000
1,570,170000,200,17000,15802,147,83790,60,1290,10,12900,81000,11140,313600000,321180000,318640000
1,710,187000,100,3000,15802,146,103660,60,900,2753,2477700,99670,7920,313600000,321180000,318640000
1,580,136000,100,1000,15802,142,82360,230,600,210,126000,146710,16450,313600000,321180000,318640000
1,602,79900,200,3500,15802,140,84280,180,2410,110,265100,298560,38200,13000000,18000000,13000000
1,702,16400,1100,3500,15802,152,106704,470,1740,490,852600,379550,34480,313600000,321180000,318640000
1,590,24500,600,3500,15802,152,89680,350,910,20000,18200000,67700,22550,20000000,27000000,20000000
1,590,27000,1200,3500,15802,152,89680,250,120,20000,2400000,57400,12440,120000000,162000000,120000000
0,582,0,0,3500,15802,146,84972,200,110,240,26400,246000,372000,313600000,321180000,318640000
0,665,125000,400,1790,15802,142,94430,1151,5534,2753,15235102,246000,372000,313600000,321180000,318640000
0,726,203000,400,9500,15802,135,98010,1151,5534,2753,15235102,160000,10000,34000000,48000000,34000000
1,680,185000,100,13000,15802,140,95200,200,600,100,60000,130000,12000,23700000,32900000,23700000
1,827,110000,200,22700,15802,142,117434,100,3000,0,0,90000,4000,22400000,30700000,23000000
1,706,162000,0,1380,15802,145,102370,200,100,0,0,80000,4000,21000000,28000000,20500000
1,626,189000,0,1410,15802,150,93900,100,0,0,0,246000,372000,313600000,321180000,318640000
1,652,160000,30,4400,19000,144,93888,100,1300,0,0,246000,372000,313600000,321180000,318640000
1,626,130000,60,3500,15802,148,92648,100,1100,0,0,246000,372000,313600000,321180000,318640000
1,700,0,600,3500,15802,154,107800,100,0,0,0,246000,372000,313600000,321180000,318640000
1,693,40000,20,1200,15802,143,99099,350,150,0,0,246000,372000,313600000,321180000,318640000
1,700,30000,0,1500,15802,146,102200,200,200,700,140000,246000,372000,313600000,321180000,318640000
1,700,136000,16835,3500,15802,141,98700,200,700,300,210000,207000,9000,0,29170000,29170000
1,664,255000,95,3000,30000,154,102256,300,100,200,20000,239000,18000,4550000,32260000,29030000
1,620,200000,323,7000,15000,141,87420,100,4900,100,490000,880709,33237,42500000,60000000,43750000
1,662,75000,200,2500,15802,147,97314,3102,22136,0,0,204539,12923,58500000,58500000,85500000
1,638,65000,100,7500,15802,140,89320,68,1287,0,0,79931,7036,16700000,24000000,16700000
1,788,150000,100,3200,15802,137,107956,25,181,0,0,551318,70336,36000000,36000000,51000000
1,713,120000,800,9400,15802,144,102672,522,3668,0,0,180862,22649,12000000,12000000,8000000
1,725,100000,400,6100,15802,145,105125,110,6561,0,0,131019,5521,22000000,16000000,16000000
1,823,136000,200,8000,15802,141,116043,49,1316,32,42112,143407,11118,75000000,54000000,49000000
1,860,136000,200,3000,15802,143,122980,46,617,55,33935,278379,23026,21500000,14800000,16000000
1,780,136000,100,5900,15802,141,109980,101,5407,82,443374,521897,26898,21500000,15000000,15200000
1,723,136000,200,10000,15802,137,99051,3014,1306,1651,2156206,331779,26946,39000000,30000000,28000000
1,756,136000,100,2000,15802,145,109620,191,1603,114,182742,435799,22821,313600000,321180000,318640000
0,652,136000,800,12800,15802,144,93888,181,1464,120,175680,262020,14941,313600000,321180000,318640000
0,643,136000,0,1600,15802,145,93235,144,1205,76,91580,160477,13298,313600000,321180000,318640000
0,720,136000,500,6100,15802,142,102240,87,1332,100,133200,211949,11308,313600000,321180000,318640000
0,487,136000,0,2400,15802,150,73050,93,732,151,110532,220226,10040,313600000,321180000,318640000
0,716,136000,1000,42000,15802,145,103820,108,1784,1170,2087280,50000,6900,41200000,58700000,41200000
0,750,90000,180,850,15802,141,105750,1800,7000,1900,13300000,260000,26000,32000000,44000000,32000000
0,790,177000,500,30500,15802,141,111390,270,7700,10,77000,110000,12000,19000000,26500000,20000000
0,782,182000,1,600,15802,141,110262,130,2600,30,78000,46000,11000,313600000,321180000,318640000
0,780,128000,200,7200,15802,141,109980,690,3500,1100,3850000,70000,21000,313600000,321180000,318640000
1,680,150000,16835,2000,15802,141,95880,150,300,30,9000,99000,3200,55000000,76000000,57000000
1,650,170000,200,1300,15802,141,91650,120,530,40,21200,120000,15000,313600000,321180000,318640000
0,550,12,480,13000,15802,141,77550,1151,5534,2753,15235102,61000,5500,34500000,48000000,34500000
0,760,12,510,6600,15802,141,107160,1151,2000,2753,5506000,120000,15000,28000000,40000000,30000000
2,760,10,380,2000,15802,141,107160,1151,5534,2753,15235102,310000,7300,313600000,321180000,318640000
3,710,21,470,3000,15802,141,100110,40,340,2753,936020,130000,6800,313600000,321180000,318640000
0,720,12,480,5000,15802,141,101520,1151,5534,2753,15235102,420000,16000,313600000,321180000,318640000
1,620,19,1480,140000,15802,141,87420,1151,5534,120,664080,420000,49000,313600000,321180000,318640000
0,750,13.8,920,78000,15802,141,105750,160,5534,2753,15235102,91190,1873,313600000,321180000,318640000
1,730,30000,100,1700,15802,141,102930,370,295,237,69915,120520,6000,313600000,321180000,318640000
1,730,60000,100,4700,15802,141,102930,0,1673,0,0,170000,14000,11000000,11300000,16500000
0,680,136000,650,27000,15802,141,95880,1151,2500,2753,6882500,100000,18000,10600000,15700000,10700000
1,690,6,550,94000,15802,141,97290,1151,4000,2753,11012000,263670,98100,30000000,30000000,41000000
1,656,115559,2200,500,23400,141,92496,160,2500,100,250000,302750,10090,31000000,30200000,41400000
1,633,65692,220,500,23000,141,89253,110,2910,130,378300,179730,8730,44100000,45100000,61200000
1,570,43151,90,300,32200,141,80370,100,270,270,72900,158600,7160,44000000,44000000,60000000
0,470,66189.2,90,300,29100,141,66270,80,70,120,8400,118880,5820,51000000,48000000,65000000
2,570,15045,210,5000,28100,141,80370,110,410,40,16400,145160,5300,68000000,72000000,97000000
1,490,12039.2,300,800,22400,141,69090,40,950,150,142500,71900,36700,43000000,39200000,61000000
2,640,50000,380,2400,5300,141,90240,8700,900,1200,1080000,6370,27700,41000000,41100000,59300000
2,716,70000,160,3000,11600,141,100956,9000,5500,2300,12650000,29600,10000,68000000,72000000,100000000
1,740,60000,180,24800,16600,141,104340,100,4100,1900,7790000,1200,3000,82000000,82000000,120000000
2,640,80000,260,31200,26600,141,90240,1000,0,0,0,6800,14000,70000000,70000000,100000000
1,592,70000,280,12100,24400,141,83472,1000,300,0,0,3000,1400,70000000,65000000,100000000
2,492,60000,620,6500,12600,141,69372,100,400,100,40000,170000,11000,185000,245000,190000
0,703,225000,10,900,15802,141,99123,280,130,490,63700,166000,372000,170000,233000,165000
0,730,189000,10,1800,15802,141,102930,180,5534,2753,15235102,430000,390000,195000,300000,210000
1,710,180000,20,1900,15802,141,100110,870,2600,550,1430000,381000,46000,540000,850000,630000
0,720,224000,20,1600,15802,141,101520,200,1000,2753,2753000,63000,29000,313600000,321180000,318640000
1,683,179000,130,19900,15802,141,96303,290,500,320,160000,296000,36000,313600000,321180000,318640000
1,710,195000,60,2200,15802,141,100110,320,110,120,13200,450000,20000,313600000,321180000,318640000
2,736,225000,40,3100,15802,141,103776,490,400,200,80000,60000,19000,313600000,321180000,318640000
2,670,272000,90,7100,15802,141,94470,200,5534,500,2767000,15000,18000,313600000,321180000,318640000
2,743,219000,30,11200,15802,141,104763,1151,5534,2753,15235102,91000,66000,410000,630000,430000
1,746,169000,10,1900,15802,141,105186,1000,40,2753,110120,421000,28000,313600000,321180000,318640000
2,500,175000,40,500,15802,141,70500,300,620,120,74400,263000,40000,313600000,321180000,318640000
1,733,183000,10,7200,15802,141,103353,130,140,2753,385420,30489,0,84000,125000,91000
0,850,136000,100,3500,15802,141,119850,79,236,5,1180,36624,1475,313600000,321180000,318640000
0,650,136000,140,3500,15802,141,91650,92,2463,6,14778,36000,3700,12000000,12125000,16750000
0,672,47000,10,6000,15000,141,94752,120,407,0,0,21000,4000,13040000,12800000,18720000
0,652,18000,80,9000,15000,141,91932,100,356,0,0,6000,400,11600000,11500000,15400000
0,696,30000,20,300,30000,141,98136,28,2,0,0,81820,35150,36000000,36000000,54000000
2,708,270000,340,3500,30000,141,99828,1110,12340,260,3208400,70000,270000,111000000,77000000,78000000
1,700,136000,440,11000,15802,141,98700,550,5534,5500,30437000,10000,110000,58000000,42640000,41040000
2,700,136000,210,7000,15802,141,98700,160,5534,2600,14388400,70000,11000,28800000,41200000,28000000
3,663,321000,580,14500,0,141,93483,0,1600,0,0,74310,26440,28500000,40750000,27500000
3,345,360000,450,95000,0,141,48645,300,4460,2100,9366000,111540,9000,53100000,78500000,53300000
0,740,134800,110,5000,15802,141,104340,100,610,0,0,243320,12700,25300000,36700000,25300000
0,640,228900,100,3000,15802,141,90240,450,7200,820,5904000,291130,13700,25000000,36000000,25500000
1,660,161100,120,8000,15802,141,93060,170,3390,0,0,265560,15120,25400000,36500000,25900000
0,710,100700,330,20000,15802,141,100110,150,5200,0,0,283000,29500,313600000,321180000,318640000
0,670,136000,750,3500,15802,141,94470,250,3430,0,0,370000,50420,313600000,321180000,318640000
0,530,136000,600,3500,15802,141,74730,410,2600,0,0,43200,4470,313600000,321180000,318640000
0,660,136000,16835,14000,15802,141,93060,590,5460,2170,11848200,50370,8460,313600000,321180000,318640000
0,880,136000,16835,3500,15802,141,124080,0,1640,0,0,70290,14200,313600000,321180000,318640000
0,750,136000,16835,3500,15802,141,105750,0,4940,0,0,62500,8370,313600000,321180000,318640000
0,740,136000,16835,3500,15802,141,104340,0,2930,0,0,246000,372000,313600000,321180000,318640000
3,788,136000,180,10000,15802,141,111108,1151,5534,2753,15235102,220000,11000,313600000,321180000,318640000
1,650,136000,310,3500,15802,141,91650,500,100,800,80000,100000,10000,313600000,321180000,318640000
0,610,136000,230,3500,15802,141,86010,900,400,100,40000,180000,5000,313600000,321180000,318640000
1,390,136000,270,3500,15802,141,54990,200,1000,2753,2753000,180000,15000,313600000,321180000,318640000
0,550,136000,240,3500,15802,141,77550,300,4600,2753,12663800,91000,2400,313600000,321180000,318640000
0,622,48000,120,3000,19900,141,87702,100,370,170,62900,256000,2700,313600000,321180000,318640000
1,660,24000,180,6700,14300,141,93060,160,2700,180,486000,196000,14000,313600000,321180000,318640000
1,632,33000,530,76000,26800,141,89112,150,1900,0,0,210000,10000,313600000,321180000,318640000
1,472,27000,460,26000,34100,141,66552,140,5200,0,0,82000,2700,313600000,321180000,318640000
1,644,55000,180,2000,26400,141,90804,120,570,0,0,90000,6100,313600000,321180000,318640000
1,672,49000,140,5000,12700,141,94752,140,740,0,0,98000,7200,42200000,61200000,42200000
1,600,136000,280,3500,15802,141,84600,210,1300,140,182000,103000,12000,24000000,37000000,26000000
0,674,37000,380,8900,15802,141,95034,140,3200,0,0,85000,7700,9200000,13250000,9300000
0,692,136000,220,2400,15802,141,97572,140,1500,0,0,6900,4500,9700000,13250000,9800000
0,716,21000,220,2500,15802,141,100956,150,1200,0,0,386000,62000,40000000,61000000,46000000
0,612,136000,420,4200,15802,141,86292,350,21000,0,0,154000,20000,42000000,60000000,44000000
0,700,136000,400,14300,15802,141,98700,200,8800,0,0,105000,4000,5900000,7200000,5900000
1,630,57000,78,9000,25000,141,88830,100,100,20,2000,171000,6000,5700000,7300000,5700000
1,680,83000,40,7600,21000,146,99280,180,1970,160,315200,206000,6000,81000000,60500000,56500000
1,660,136000,230,13000,22000,142,93720,370,1270,70,88900,342000,13000,86000000,60000000,60000000
1,590,136000,900,65000,5000,145,85550,170,4310,50,215500,317000,13000,313600000,321180000,318640000
1,520,136000,500,3500,16000,150,78000,450,1040,350,364000,417000,39000,313600000,321180000,318640000
1,590,136000,1200,3500,14000,151,89090,1400,12820,2560,32819200,177000,4000,313600000,321180000,318640000
1,620,178000,120,12000,10000,144,89280,190,1750,60,105000,301000,14000,313600000,321180000,318640000
1,600,228000,430,3500,23000,150,90000,350,5550,270,1498500,200000,10000,18000000,19000000,25000000
1,650,136000,100,3500,15802,144,93600,440,3300,3430,11319000,224470,14250,14000000,14000000,20000000
1,450,136000,700,3500,15802,135,60750,1040,2980,410,1221800,130620,9580,36400000,36000000,50400000
1,620,136000,400,3500,15802,141,87420,180,1940,50,97000,159044,13434,80000000,120000000,80000000
0,468,150000,100,700,15802,140,65520,247,395,1,395,187964,28137,38000000,54000000,38000000
0,785,180000,200,400,15802,146,114610,256,4793,1,4793,66000,8000,55000000,78000000,55000000
0,760,160000,10,2000,15802,145,110200,200,1000,0,0,59000,5000,72000000,108000000,72000000
0,740,136000,70,2000,15802,151,111740,100,500,0,0,89000,8000,70000000,100000000,68000000
0,590,136000,320,4000,15802,151,89090,200,1000,0,0,36445,4362,313600000,321180000,318640000
1,586,136000,17,12000,15802,141,82626,1151,23,2753,63319,166000,10900,15500000,22500000,15500000
1,610,14000,110,1200,15802,144,87840,190,500,40,20000,195000,8000,11000000,16000000,11000000
1,660,19000,47,2000,15802,140,92400,580,400,440,176000,317000,24000,13500000,19500000,13500000
1,600,14000,200,3200,15802,150,90000,470,4780,70,334600,237000,19000,10400000,15000000,10400000
1,490,20000,300,10000,15802,144,70560,220,3790,50,189500,113000,7300,33000000,47000000,29800000
1,590,23000,140,2350,15802,146,86140,150,960,50,48000,101000,5300,22000000,32500000,22000000
1,570,20000,180,3200,15802,146,83220,1200,430,20,8600,154000,8300,17500000,21000000,18000000
1,700,35000,430,40000,15802,148,103600,140,1080,30,32400,34600,8950,313600000,321180000,318640000
0,453,136000,220,4900,15802,151,68403,130,2110,0,0,54200,12300,313600000,321180000,318640000
0,780,136000,360,14000,15802,145,113100,110,1230,110,135300,59000,9060,313600000,321180000,318640000
0,730,136000,360,20900,15802,145,105850,100,820,0,0,201360,18470,28000000,28000000,28000000
0,600,136000,500,38000,21000,155,93000,240,6260,10,62600,161840,16220,28000000,28000000,28000000
1,600,136000,800,42000,17000,142,85200,300,9480,50,474000,201360,18470,28000000,28000000,28000000
1,600,136000,700,36000,20000,145,87000,240,6260,10,62600,128900,7310,24000000,33000000,23000000
1,760,100000,300,900,10000,142,107920,80,60,30,1800,709500,5560,24000000,35000000,24000000
1,724,110000,200,2300,10000,142,102808,40,270,50,13500,87840,5720,16500000,22000000,13500000
1,768,110000,170,2800,10000,138,105984,100,310,0,0,89000,9000,32000000,40000000,30000000
1,573,123000,60,1000,15802,140,80220,220,3300,43,141900,94000,9000,54000000,72000000,53000000
0,693,102000,150,1800,15802,138,95634,450,2550,110,280500,11490,26000,30000000,44000000,29000000
1,520,188000,190,9900,15802,143,74360,320,4570,240,1096800,29000,32000,72000000,92000000,70000000
0,623,71000,30,2600,15802,139,86597,9840,140,1360,190400,214000,28000,29250000,41750000,28000000
1,668,291000,133,7590,15802,144,96192,270,7790,180,1402200,173000,31000,35000000,51000000,34500000
1,753,202000,147,9680,15802,143,107679,410,6200,130,806000,184000,26000,12250000,12250000,17750000
1,800,268000,480,10000,15802,142,113600,280,5820,90,523800,246000,372000,313600000,321180000,318640000
0,626,136000,16835,3500,15802,141,88266,1151,5534,2753,15235102,130000,17000,29000000,44000000,29000000
0,780,136000,250,11900,15802,136,106080,300,2700,170,459000,90000,11000,18000000,27300000,18300000
1,680,136000,300,5600,15802,144,97920,200,900,90,81000,220000,17000,12000000,18000000,12000000
0,790,136000,280,2800,15802,149,117710,250,2000,170,340000,50000,0,313600000,321180000,318640000
1,700,15,700,45000,30000,125,87500,350,2190,0,0,131900,0,313600000,321180000,318640000
1,700,17,700,45000,25000,125,87500,340,4200,0,0,184300,17800,17000000,25000000,17000000
1,653,104000,90,1000,13000,155,101215,160,580,160,92800,210200,18500,12000000,17000000,12000000
1,657,172000,130,14600,20000,144,94608,130,2700,10,27000,143900,13400,18000000,27000000,18000000
1,627,220000,70,8700,13000,145,90915,160,500,20,10000,178800,14100,26000000,38000000,26000000
1,697,110000,60,3000,12000,153,106641,170,600,10,6000,119200,9400,7500000,10000000,7500000
1,643,76500,40,7300,23000,144,92592,100,1000,30,30000,297317,44838,13000000,19000000,318640000
0,420,370000,500,3500,15802,143,60060,687,4726,556,2627656,143116,21836,13500000,19000000,318640000
0,728,250000,400,3500,15802,145,105560,486,4015,109,437635,335319,17201,39000000,42000000,57000000
0,680,280000,210,11000,15802,140,95200,306,869,196,170324,172056,23419,313600000,321180000,318640000
1,780,230000,200,30000,15802,144,112320,332,3032,125,379000,320000,34000,17600000,12000000,12000000
1,665,120000,120,3800,15802,149,99085,2000,6300,2753,17343900,150000,14000,20000000,14000000,13000000
1,595,130000,40,1100,15802,143,85085,900,2200,2753,6056600,120000,9000,10000000,10000000,13000000
1,470,180000,70,4000,31000,150,70500,700,1400,30,42000,120000,6000,10000000,14000000,10000000
1,555,240000,80,8000,34000,145,80475,600,1400,2753,3854200,200000,8000,15500000,11500000,11500000
1,900,160000,90,1000,15802,143,128700,400,31000,2753,85343000,230000,21000,24000000,16000000,17000000
1,825,290000,260,14000,15802,144,118800,1300,4000,2753,11012000,128000,12300,67000000,45000000,45000000
1,768,136000,30,1100,15802,144,110592,1000,1600,2753,4404800,224000,11600,51000000,34000000,37000000
1,885,136000,80,1900,15802,140,123900,900,6900,1200,8280000,59000,9000,313600000,321180000,318640000
1,640,41000,70,12000,15802,137,87680,170,2500,0,0,20000,3600,313600000,321180000,318640000
1,700,50000,20,5000,15802,134,93800,100,650,0,0,64000,26000,313600000,321180000,318640000
1,686,52000,300,32000,15802,140,96040,190,1000,0,0,50000,9600,313600000,321180000,318640000
1,700,38000,400,9000,15802,140,98000,110,2100,0,0,86000,12000,220000,320000,220000
0,530,218000,30,1900,21000,137,72610,400,300,100,30000,221000,33000,130000,180000,130000
0,570,223000,300,42000,14000,135,76950,700,2000,600,1200000,170000,14000,150000,220000,150000
0,590,153000,150,6200,6000,145,85550,2000,15000,2600,39000000,110000,20000,110000,170000,110000
0,620,173000,310,16500,10000,136,84320,100,5000,0,0,94000,14000,100000,150000,100000
0,580,247000,560,20000,14000,132,76560,100,5000,600,3000000,40000,3000,90000,119000,90000
0,690,102000,20,300,15802,141,97290,500,100,100,10000,40000,5000,89000,120000,89000
0,660,90000,30,300,15802,139,91740,100,100,0,0,70000,6000,90000,120000,90000
0,590,151000,30,12000,10000,143,84370,100,2000,600,1200000,54000,4200,80000,110000,80000
0,550,157000,50,3100,14000,137,75350,100,200,600,120000,146000,20000,126000,195000,126000
0,520,300000,300,9400,800,139,72280,200,9400,0,0,122043,9564,9000000,13000000,9000000
1,656,136000,200,3500,21000,137,89872,90,3623,30,108690,111670,5118,8750000,12750000,9000000
1,620,136000,120,3500,15802,138,85560,90,5534,0,0,175750,14520,8000000,8000000,12500000
1,693,136000,57,3400,21000,137,94941,20,4130,10,41300,160130,22760,313600000,321180000,318640000
1,663,136000,230,16000,15802,140,92820,130,4640,120,556800,113000,24000,34000000,34000000,43000000
1,480,136000,230,7900,15802,145,69600,300,4700,100,470000,246000,372000,10000000,16000000,10000000
1,732,136000,85,3500,15802,141,103212,1151,5534,2753,15235102,246000,372000,26000000,35000000,26000000
1,560,136000,110,3500,15802,140,78400,1151,5534,2753,15235102,246000,372000,12500000,17500000,12500000
1,724,136000,90,3500,15802,139,100636,1151,5534,2753,15235102,246000,372000,313600000,321180000,318640000
1,626,136000,16835,3500,15802,141,88266,1151,5534,2753,15235102,246000,372000,313600000,321180000,318640000
1,626,136000,16835,3500,15802,141,88266,1151,5534,2753,15235102,246000,372000,313600000,321180000,318640000
1,626,136000,16835,3500,15802,141,88266,1151,5534,2753,15235102,246000,372000,313600000,321180000,318640000
1,626,136000,16835,3500,15802,141,88266,1151,5534,2753,15235102,90580,53440,313600000,321180000,318640000
1,626,136000,16835,3500,15802,141,88266,0,0,50,0,80790,49690,313600000,321180000,318640000
1,626,136000,16835,3500,15802,141,88266,0,330,10,3300,80790,49690,313600000,321180000,318640000
